rank,url
1,wikipedia.org
2,quora.com
3,deepl.com
4,sciencedirect.com
5,map.naver.com
6,yelp.com
7,perplexity.ai
8,wikimedia.org
9,map.baidu.com
10,reverso.net
11,dictionary.cambridge.org
12,2gis.ru
13,merriam-webster.com
14,map.yahoo.co.jp
15,wikihow.com
16,britannica.com
17,wordreference.com
18,thesaurus.com
19,wiktionary.org
20,meteofrance.com
21,eksisozluk.com
22,mapy.cz
23,map.kakao.com
24,larkoffice.com
25,email.cz
26,weblio.jp
27,proquest.com
28,mapquest.com
29,wikiwiki.jp
30,laposte.net
31,geoguessr.com
32,truepeoplesearch.com
33,maps.google.com
34,marinetraffic.com
35,dictionary.com
36,amap.com
37,maps.arcgis.com
38,leo.org
39,pagesjaunes.fr
40,meteofor.com.ua
41,scielo.br
42,lachainemeteo.com
43,whitepages.com
44,fastpeoplesearch.com
45,dictionary.goo.ne.jp
46,kotobank.jp
47,rapidtables.com
48,dict.cc
49,time.is
50,wordhippo.com
51,collinsdictionary.com
52,oxfordlearnersdictionaries.com
53,manualslib.com
54,mapion.co.jp
55,mappy.com
56,urbandictionary.com
57,pons.com
58,alc.co.jp
59,word.tips
60,glosbe.com
61,otoadom.com
62,sinonimos.com.br
63,worldcat.org
64,hbr.org
65,spanishdict.com
66,libguides.com
67,bab.la
68,ebscohost.com
69,beenverified.com
70,in-pocasi.cz
71,tureng.com
72,treccani.it
73,linguee.com
74,lexilogos.com
75,openstreetmap.org
76,hitta.se
77,larousse.fr
78,ekitan.com
79,teleparty.com
80,thefreedictionary.com
81,rhymezone.com
82,multitran.com
83,wikisource.org
84,linguee.fr
85,azet.sk
86,duden.de
87,gov.cz
88,economia.uol.com.br
89,kartaslov.ru
90,yourdictionary.com
91,gsi.go.jp
92,imagetotext.info
93,meinestadt.de
94,jisho.org
95,yellowpages.com
96,cuzk.cz
97,kissasian.lu
98,linguee.de
99,diki.pl
100,viamichelin.fr
101,firmy.cz
102,yelp.ca
103,powerthesaurus.org
104,chmi.cz
105,gramedia.com
106,dicio.com.br
107,worldometers.info
108,amalgama-lab.com
109,clever-tanken.de
110,wikidata.org
111,zivotvcesku.cz
112,dasoertliche.de
113,linguee.es
114,city-data.com
115,mapfan.com
116,ldoceonline.com
117,login.gov.az
118,weedmaps.com
119,howtopronounce.com
120,paginegialle.it
121,noor-book.com
122,brainyquote.com
123,academic.ru
124,dastelefonbuch.de
125,priberam.org
126,bartleby.com
127,hanzii.net
128,24timezones.com
129,significados.com
130,almaany.com
131,bgeneral.com
132,toolforge.org
133,synonymo.fr
134,metric-conversions.org
135,krak.dk
136,kompasiana.com
137,xo.gr
138,sinonim.org
139,softcatala.org
140,maps.gsi.go.jp
141,zdic.net
142,meteored.mx
143,behindthename.com
144,cnrtl.fr
145,forvo.com
146,lifeder.com
147,synonymer.se
148,wikimapia.org
149,driveplaza.com
150,worldatlas.com
151,targeo.pl
152,dexonline.ro
153,meteomedia.de
154,schulferien.org
155,geoportail.gouv.fr
156,yellowpages.ca
157,forebears.io
158,uschovna.cz
159,dictionnaire.lerobert.com
160,ich-tanke.de
161,translit.ru
162,convertlive.com
163,oed.com
164,wikiquote.org
165,woxikon.de
166,snl.no
167,drbna.cz
168,idos.cz
169,skgeodesy.sk
170,wooordhunt.ru
171,jakdojade.pl
172,definicion.de
173,mapchart.net
174,etymonline.com
175,youglish.com
176,linternaute.fr
177,mp3-convert.org
178,yell.com
179,identitaobcana.cz
180,webcamtaxi.com
181,azquotes.com
182,dwds.de
183,significados.com.br
184,dict.cn
185,mapcarta.com
186,ingles.com
187,local.ch
188,citethisforme.com
189,shabdkosh.com
190,ludwig.guru
191,intelius.com
192,iciba.com
193,sport.aktualne.cz
194,svetzeny.cz
195,tuttocitta.it
196,lexicanum.com
197,infopedia.pt
198,paginebianche.it
199,maps.google.co.jp
200,sanakirja.org
201,192.com
202,negisoku.com
203,gov.sk
204,spravker.ru
205,skyvector.com
206,neuralwriter.com
207,mapsofindia.com
208,kelio.io
209,bakalari.cz
210,hd-full.me
211,gelbeseiten.de
212,sti.edu
213,rerererarara.net
214,lovetoknow.com
215,jitenon.jp
216,falk.de
217,canada411.ca
218,databazeknih.cz
219,heinonline.org
220,translated.net
221,free4talk.com
222,viamichelin.it
223,isplus.com
224,onelook.com
225,herohero.co
226,chatopenai.de
227,smartcat.com
228,zakonyprolidi.cz
229,e-mapa.net
230,jsprav.ru
231,flypobeda.ru
232,designkit.com
233,ilmateenistus.ee
234,dictionnaire.reverso.net
235,prahain.cz
236,arabdict.com
237,spellboy.com
238,shamela.ws
239,its-mo.com
240,poznatsvet.cz
241,arcanum.com
242,fsolver.fr
243,chamberofcommerce.com
244,seslisozluk.net
245,searchpeoplefree.com
246,langenscheidt.com
247,flamp.ru
248,mujrozhlas.cz
249,spellbee.org
250,menetrendek.hu
251,buchstaben.com
252,translit.net
253,jeu-tarot-en-ligne.com
254,heizoel24.de
255,meteoradar.cz
256,island.is
257,11880.com
258,radia.cz
259,refdesk.com
260,veripages.com
261,vandale.nl
262,imtranslator.net
263,here.com
264,2net.co.il
265,ortograf.pl
266,dictzone.com
267,aeronet.news
268,3dsecure-csas.cz
269,morfix.co.il
270,e-map.ne.jp
271,yell.ru
272,squaredle.app
273,readjujutsukaisenmanga.com
274,schule-infoportal.de
275,exsalut.com
276,obar.info
277,fastbackgroundcheck.com
278,dicionarioinformal.com.br
279,maps.adac.de
280,e-words.jp
281,novayagazeta.eu
282,meteocentrum.cz
283,bkrs.info
284,synoniemen.net
285,bypassgpt.ai
286,mapsofworld.com
287,termiumplus.gc.ca
288,rekhta.org
289,alukah.net
290,guinnessworldrecords.com
291,wikipedia.de
292,yrno.cz
293,gaode.com
294,thecanadianencyclopedia.ca
295,benu.cz
296,oxfordreference.com
297,slowly.app
298,sozluk.gov.tr
299,youtubetranscript.com
300,earthol.com
